"Number",Reference,Status,NetworkCode,CountryName,NetworkName,IMSI,Location,Price,MSC,Ported,Time,errorcode,"ErrorDescription"
393391623267,ILA4,DELIVRD,22253,Italy,,,,,,,23:57:12,3,No Error
393121623267,ILA4,DELIVRD,22253,Italy,,,,,,,23:57:12,3,No Error
393561623267,ILA4,DELIVRD,22253,Italy,,,,,,,23:57:12,3,No Error
393891623267,ILA4,DELIVRD,22253,Italy,,,,,,,23:57:12,3,No Error
393391623245,ILA4,DELIVRD,22253,Italy,,,,,,,23:57:12,3,No Error
393391623234,ILA4,DELIVRD,22253,Italy,,,,,,,23:57:12,3,No Error